<?xml version="1.0" encoding="utf-8"?>
<extension type="module" version="1.6.0" method="upgrade">
    <name>Jumi</name>
    <author>Simon Poghosyan</author>
    <creationDate>January 2011</creationDate>
    <copyright>Copyright (c) 2006 - 2010 Martin Hajek, 2011 Edvard Ananyan, 2013 Simon Poghosyan. All rights reserved.</copyright>
    <license>http://www.gnu.org/copyleft/gpl.html GNU/GPL</license>
    <authorEmail>info@2glux.com</authorEmail>
    <authorUrl>http://2glux.com</authorUrl>
    <version>3.0.1</version>
    <description>MOD_JUMI_DESC</description>

    <files>
        <filename module="mod_jumi">mod_jumi.php</filename>
        <filename>index.html</filename>
        <filename>helper.php</filename>
        <filename>jumi_demo.php</filename>
        <filename>tmpl/default.php</filename>
        <filename>tmpl/index.html</filename>
    </files>

    <languages folder="language">
        <language tag="en-GB">en-GB/en-GB.mod_jumi.ini</language>
        <language tag="ru-RU">ru-RU/ru-RU.mod_jumi.ini</language>
        <language tag="cs-CZ">cs-CZ/cs-CZ.mod_jumi.ini</language>
        <language tag="hy-AM">hy-AM/hy-AM.mod_jumi.ini</language>
        <language tag="es-ES">es-ES/es-ES.mod_jumi.ini</language>
    </languages>

    <config>
        <fields name="params">
            <fieldset name="basic">
                <field name="notepad" type="textarea" default="" label="Notepad" description="PARAMNOTES" cols="60" rows="3" />
                <field name="@spacer" type="spacer" default="" label="" description="" />
                <field name="code_written" type="textarea" default="" label="Code written" description="PARAMCODEWRITTEN" cols="60" rows="17" />
                <field name="@spacer" type="spacer" default="" label="" description="" />
                <field name="source_code_storage" type="text" size ="97" default="" label="Source of code" description="PARAMSOURCECODESTORAGE" />
            </fieldset>

            <fieldset name="advanced">
                <field name="default_absolute_path" type="text" size ="90" default="" label="Default Absolute Jumi Path" description="PARAMABSPATH" />
                <field name="moduleclass_sfx" type="text" default="" label="Module Class Suffix" description="PARAMMODULECLASSSUFFIX" />
                <field name="cache" type="list" default="1" label="Caching" description="PARAMMODULECACHING">
                    <option value="1">Use global</option>
                    <option value="0">No caching</option>
                </field>
                <field name="cache_time" type="text" default="900" label="Cache Time" description="PARAMMODULECACHETIME" />
            </fieldset>
        </fields>
    </config>
</extension>
